Restaurant ID,Restaurant name,Subzone,City,Order ID,Order Placed At,Order Status,Delivery,Distance,Items in order,Discount construct,Bill subtotal,Packaging charges,Restaurant discount (Promo),"Restaurant discount (Flat offs, Freebies & others)",Gold discount,Brand pack discount,Total,Rating,Cancellation / Rejection reason,Restaurant compensation (Cancellation),KPT duration (minutes),Rider wait time (minutes),Order Ready Marked,Customer complaint tag,Customer ID
20320607,Swaad,Sector 4,Delhi NCR,6168884918,2024-09-10 23:38:00,Delivered,Zomato Delivery,3.0,"1 x Grilled Chicken Jamaican Tender, 1 x Grilled Chicken Peri Peri Tangdi",40% off upto Rs.80,715.0,31.75,80.0,0.0,0.0,0.0,666.75,,None,,18.35,11.6,Correctly,None,5d6c2b96db963098bc69768bea504c8bf46106a8a5178edf91a42e66a8179458
20320607,Swaad,Sector 4,Delhi NCR,6170707559,2024-09-10 23:34:00,Delivered,Zomato Delivery,2.0,"1 x Peri Peri Fries, 1 x Fried Chicken Angara Tender, 1 x Grilled Chicken Angara Tender",Flat Rs.175 off,1179.0,50.2,175.0,0.0,0.0,0.0,1054.2,,None,,16.95,3.6,Correctly,None,0781815deb4a10a574e9fee4fa0b86b074d4a0b36175d5a626dbc4710568bff4
20320607,Swaad,Sector 4,Delhi NCR,6169375019,2024-09-10 15:52:00,Delivered,Zomato Delivery,0.5,1 x Bone in Peri Peri Grilled Chicken,40% off upto Rs.80,310.0,11.5,80.0,0.0,0.0,0.0,241.5,,None,,14.05,12.2,Correctly,None,f93362f5ce5382657482d164e368186bcec9c6225fd93d374453a2e6983151de
20320607,Swaad,Sector 4,Delhi NCR,6151677434,2024-09-10 15:45:00,Delivered,Zomato Delivery,2.0,"1 x Fried Chicken Ghostbuster Tender, 1 x Angara Grilled Paneer (8 pcs)",40% off upto Rs.80,620.0,27.0,80.0,0.0,0.0,0.0,567.0,4.0,None,,19.0,3.3,Correctly,None,1ed226d1b8a5f7acee12fc1d6676558330a3b2b742af5d5c9d3ea550397d49ac
20320607,Swaad,Sector 4,Delhi NCR,6167540897,2024-09-10 15:04:00,Delivered,Zomato Delivery,2.0,"1 x Peri Peri Krispers, 1 x Fried Chicken Angara Tender",40% off upto Rs.80,584.0,25.2,80.0,0.0,0.0,0.0,529.2,,None,,15.97,1.0,Correctly,None,d21a2ac6ea06b31cc3288ab20c4ef2f292066c096f2c5f110a3098eeb39596d9
20320607,Swaad,Sector 4,Delhi NCR,6164725184,2024-09-10 12:28:00,Delivered,Zomato Delivery,1.0,"1 x Grilled Chicken Jamaican Tangdi, 1 x Bone in Jamaican Grilled Chicken",40% off upto Rs.80,715.0,31.75,80.0,0.0,0.0,0.0,666.75,5.0,None,,20.48,1.0,Correctly,None,4103fd4f3ee2166d322e76fabd420ae15f14a2816ca5a3be43133260bb1327f4
20320607,Swaad,Sector 4,Delhi NCR,6151460444,2024-09-10 00:03:00,Delivered,Zomato Delivery,6.0,1 x Bone in Jamaican Grilled Chicken,40% off upto Rs.80,370.0,14.5,80.0,0.0,0.0,0.0,304.5,,None,,10.53,7.0,Incorrectly,None,24d7ca74eb1efe217e88062d2519403ba11d62f5953186d71cfd3a02233275ab
20320607,Swaad,Sector 4,Delhi NCR,6167255032,2024-09-09 22:54:00,Delivered,Zomato Delivery,2.0,1 x Bone in Angara Grilled Chicken,40% off upto Rs.80,310.0,11.5,80.0,0.0,0.0,0.0,241.5,,None,,9.68,1.5,Correctly,None,fa1710c1c41dd4f29b810b78f8e7c08a356ca0fdc3930713e020e1ed258ceb4e
20320607,Swaad,Sector 4,Delhi NCR,6167184688,2024-09-09 22:51:00,Delivered,Zomato Delivery,1.0,"1 x Fried Chicken Angara Tender, 1 x Angara Rice",40% off upto Rs.80,473.0,19.65,80.0,0.0,0.0,0.0,412.65,,None,,15.2,8.3,Correctly,None,c521ccf21e7bb2207c3f08d578b6e028d2c3b25986cb35dd5930ede1d8a643da
20320607,Swaad,Sector 4,Delhi NCR,6163081676,2024-09-09 15:22:00,Delivered,Zomato Delivery,0.5,1 x Grilled Chicken Peri Peri Tangdi,40% off upto Rs.80,405.0,16.25,80.0,0.0,0.0,0.0,341.25,,None,,11.38,3.7,Correctly,None,ac2ee09679412d4248884cdfd7637d9b3529eeac0e2f27a6c143a53bba064764
20320607,Swaad,Sector 4,Delhi NCR,6164758457,2024-09-08 22:03:00,Delivered,Zomato Delivery,6.0,1 x Bone in Jamaican Grilled Chicken,50% off upto Rs.100,370.0,13.5,100.0,0.0,0.0,0.0,283.5,,None,,11.67,5.5,Correctly,None,24d7ca74eb1efe217e88062d2519403ba11d62f5953186d71cfd3a02233275ab
20320607,Swaad,Sector 4,Delhi NCR,6159645418,2024-09-08 21:49:00,Delivered,Zomato Delivery,2.0,1 x Bone in Jamaican Grilled Chicken,40% off upto Rs.80,645.0,28.25,80.0,0.0,0.0,0.0,593.25,,None,,14.27,5.9,Correctly,None,e1248ba01f5b3ffbab3adde359bfc48adb924a123dd15daed0063f1c695e5c01
20320607,Swaad,Sector 4,Delhi NCR,6163201423,2024-09-08 19:48:00,Delivered,Zomato Delivery,3.0,1 x Bone in Smoky Bbq Grilled Chicken,50% off upto Rs.100,310.0,10.5,100.0,0.0,0.0,0.0,220.5,2.0,None,,17.23,8.8,Correctly,None,db8331544bffcb3d70e0a6eacf709657d5bc03f4eec32d293feb61c9fcad86b9
20320607,Swaad,Sector 4,Delhi NCR,6161956272,2024-09-08 19:48:00,Delivered,Zomato Delivery,4.0,1 x Fried Chicken Peri Peri Tender,40% off upto Rs.80,460.0,19.0,80.0,0.0,0.0,0.0,399.0,,None,,16.83,12.1,Correctly,None,8cc49e1c87db248d9bf994de02c7da0229cd3b46bb99002b299345a60d562a7a
20320607,Swaad,Sector 4,Delhi NCR,6153489136,2024-09-08 19:21:00,Delivered,Zomato Delivery,4.0,"2 x Tipsy Tiger Ginger Ale, 1 x Bone in Jamaican Grilled Chicken, 1 x Bone in Smoky Bbq Grilled Chicken",,858.1,42.91,0.0,0.0,0.0,0.0,901.01,,None,,20.3,8.6,Correctly,None,a4fb8d5447830dfa482d20ce3a20bce637c3a956fba93cee95726869ddb39231
20320607,Swaad,Sector 4,Delhi NCR,6163049565,2024-09-08 18:33:00,Delivered,Zomato Delivery,3.0,1 x Bone in Angara Grilled Chicken,40% off upto Rs.80,695.0,30.75,80.0,0.0,0.0,0.0,645.75,,None,,18.05,11.1,Correctly,None,7ecba12675df48b9b8c245c81a354abc2c6a4a8dd4d28be92f2b955fae0c8150
20320607,Swaad,Sector 4,Delhi NCR,6155177885,2024-09-08 15:23:00,Delivered,Zomato Delivery,5.0,1 x Fried Chicken Peri Peri Tender,40% off upto Rs.80,460.0,19.0,80.0,0.0,0.0,0.0,399.0,,None,,14.97,5.6,Correctly,None,e0501d56d905f021333ed64371ab8635f8be47ea516aaf8f2424da63793a6bc6
20320607,Swaad,Sector 4,Delhi NCR,6156719166,2024-09-08 02:55:00,Delivered,Zomato Delivery,3.0,1 x Angara Aloo Tuk Tuki,40% off upto Rs.80,218.0,6.9,80.0,0.0,0.0,0.0,144.9,,None,,20.75,10.9,Correctly,None,f9e9f7e806c4b5601873c0b9ff2eac2a45b4ab29d61572bd0c8eb8d3ec0487ce
20320607,Swaad,Sector 4,Delhi NCR,6158533370,2024-09-08 02:23:00,Delivered,Zomato Delivery,4.0,1 x Grilled Chicken Peri Peri Tangdi,50% off upto Rs.100,405.0,15.25,100.0,0.0,0.0,0.0,320.25,,None,,10.8,3.2,Incorrectly,None,75386768d73d08a035ee5cbb91c59ed2f971d6f770eaf083420f7b3b8ed49ee9
20320607,Swaad,Sector 4,Delhi NCR,6152228975,2024-09-08 01:57:00,Delivered,Zomato Delivery,6.0,1 x Grilled Chicken Smoky BBQ Tender,50% off upto Rs.100,435.0,16.75,100.0,0.0,0.0,0.0,351.75,,None,,9.42,1.4,Correctly,None,65235b6b25a0daf7bb923d0ca8c76a58581c05ca5483bdeee3f88df77d6ffd36
20320607,Swaad,Sector 4,Delhi NCR,6157229636,2024-09-07 21:24:00,Delivered,Zomato Delivery,2.0,1 x Grilled Chicken Smoky BBQ Tangdi,50% off upto Rs.100,635.0,26.75,100.0,0.0,0.0,0.0,561.75,,None,,12.38,1.6,Correctly,None,bf3dbdf507a5e0b61ee60d981dc53f57fca7cb06d05f78794472587fc7f9093f
20320607,Swaad,Sector 4,Delhi NCR,6160420881,2024-09-07 20:35:00,Delivered,Zomato Delivery,2.0,1 x Bone in Jamaican Grilled Chicken,40% off upto Rs.80,310.0,11.5,80.0,0.0,0.0,0.0,241.5,,None,,,3.2,Missed,None,31e6e136219f784a75bb09e36e5ed588c332aa7ce3aef6d74c16f3e7560768de
20320607,Swaad,Sector 4,Delhi NCR,6158429833,2024-09-07 18:09:00,Delivered,Zomato Delivery,5.0,"1 x Animal Fries, 1 x Salted Fries",40% off upto Rs.80,524.0,22.2,80.0,0.0,0.0,0.0,466.2,4.0,None,,16.88,13.3,Correctly,None,49e49a6a003c4e24baf07ad57097ef267b67bd47b86120650a6376eb18299bbb
20320607,Swaad,Sector 4,Delhi NCR,6156152215,2024-09-07 16:00:00,Delivered,Zomato Delivery,2.0,"1 x Bone in Jamaican Grilled Chicken, 1 x Fried Chicken Angara Tender",Flat Rs.175 off,910.0,36.75,175.0,0.0,0.0,0.0,771.75,,None,,19.82,0.7,Correctly,None,80650c4426a3fc8d969e8b43126bc197f68b301ca14e037644fc2c5218707d6b
20320607,Swaad,Sector 4,Delhi NCR,6159249185,2024-09-07 12:43:00,Delivered,Zomato Delivery,4.0,1 x Bone in Kabuli Grilled Chicken,40% off upto Rs.80,310.0,11.5,80.0,0.0,0.0,0.0,241.5,,None,,19.2,15.4,Correctly,None,b85edd5052b39954b086319952ca2d76184ce8d424fe20fa549b9ade2b4e173f
20320607,Swaad,Sector 4,Delhi NCR,6159181202,2024-09-07 02:00:00,Delivered,Zomato Delivery,4.0,1 x Bone in Peri Peri Grilled Chicken,50% off upto Rs.100,585.0,24.25,100.0,0.0,0.0,0.0,509.25,,None,,10.63,1.7,Correctly,None,6f68ba8ce8a4c4b6b82a095980151c96ba4d59a02ac267ba67f7d19cec84d3c2
20320607,Swaad,Sector 4,Delhi NCR,6158034744,2024-09-07 00:58:00,Delivered,Zomato Delivery,1.0,1 x Fried Chicken Peri Peri Tender,Flat Rs.80 off,325.0,12.25,80.0,0.0,0.0,0.0,257.25,,None,,7.77,5.4,Incorrectly,None,432e8f108fb6faf72c98a5d5299f6a52d58e948f9d6b0c8aef39b3b4976d2dc4
20320607,Swaad,Sector 4,Delhi NCR,6144978141,2024-09-06 23:25:00,Delivered,Zomato Delivery,4.0,1 x Fried Chicken Peri Peri Tender,Flat Rs.80 off,325.0,12.25,80.0,0.0,0.0,0.0,257.25,,None,,13.05,1.8,Correctly,None,693e71ee644f2badf452477f2be8483e5211592ae22cd49bf81a164b125af2b0
20320607,Swaad,Sector 4,Delhi NCR,6155011355,2024-09-06 21:50:00,Delivered,Zomato Delivery,8.0,"1 x Bone in Angara Grilled Chicken, 1 x Bone in Jamaican Grilled Chicken",50% off upto Rs.100,895.0,39.75,100.0,0.0,0.0,0.0,834.75,,None,,13.0,0.4,Correctly,None,f948793b932876cb63b8bc6b3cbe85d5d442c5e2fc1c9da348c903fead35b81a
20320607,Swaad,Sector 4,Delhi NCR,6157562143,2024-09-06 21:23:00,Delivered,Zomato Delivery,3.0,"1 x Jamaican Sauce, 2 x Grilled Chicken Jamaican Tender",Flat Rs.80 off,680.0,30.0,80.0,0.0,0.0,0.0,630.0,,None,,15.98,2.4,Correctly,None,a84ab19e1691226e429b3f4495db99b2937f431d216e1899dcde06722eb4daee
20320607,Swaad,Sector 4,Delhi NCR,6155576594,2024-09-06 20:59:00,Delivered,Zomato Delivery,3.0,"1 x Bone in Smoky Bbq Grilled Chicken, 1 x AAC Signature Fries, 1 x Bone in Peri Peri Grilled Chicken",Flat Rs.80 off,1084.0,50.2,80.0,0.0,0.0,0.0,1054.2,,None,,10.67,0.9,Correctly,None,e27eadf180f5389911e6c5b369ac1ae5ac05259d54bc65721819869ee14e18c7
20320607,Swaad,Sector 4,Delhi NCR,6149438913,2024-09-06 20:36:00,Delivered,Zomato Delivery,1.0,"1 x Bone in Jamaican Grilled Chicken, 1 x Grilled Chicken Peri Peri Tender, 1 x Grilled Chicken Angara Tenders + Salted Fries",Flat Rs.175 off,1290.0,55.75,175.0,0.0,0.0,0.0,1170.75,,None,,22.43,1.2,Correctly,None,096a9f7a0c5cf71b57729f2de20cf0080b608dffe8e9c77bf9fa4a3055568590
20320607,Swaad,Sector 4,Delhi NCR,6157743878,2024-09-06 20:36:00,Delivered,Zomato Delivery,3.0,1 x Bone in Jamaican Grilled Chicken,40% off upto Rs.80,695.0,30.75,80.0,0.0,0.0,0.0,645.75,5.0,None,,7.87,4.7,Incorrectly,None,ced9e9119fce4573dfcda41998964378f3a2a079d70e503a603cb001658b75ce
20320607,Swaad,Sector 4,Delhi NCR,6158241703,2024-09-06 20:08:00,Delivered,Zomato Delivery,2.0,1 x Bone in Jamaican Grilled Chicken,50% off upto Rs.100,310.0,10.5,100.0,0.0,0.0,0.0,220.5,,None,,8.83,14.3,Incorrectly,None,61e7481fdb65a6580cd5520d12517ba4dd78ef3c7d4df2b6ff475d48075ea42c
20320607,Swaad,Sector 4,Delhi NCR,6156620875,2024-09-06 15:09:00,Delivered,Zomato Delivery,4.0,1 x Fried Chicken Peri Peri Tender,40% off upto Rs.80,325.0,12.25,80.0,0.0,0.0,0.0,257.25,,None,,3.35,5.4,Incorrectly,None,693e71ee644f2badf452477f2be8483e5211592ae22cd49bf81a164b125af2b0
20320607,Swaad,Sector 4,Delhi NCR,6154403375,2024-09-06 14:49:00,Delivered,Zomato Delivery,6.0,1 x Bone in Kabuli Grilled Chicken,40% off upto Rs.80,310.0,11.5,80.0,0.0,0.0,0.0,241.5,5.0,None,,16.42,8.5,Incorrectly,None,5393bd13d96ca939871e15d6f950f8d5ce66ed2d9688b96e0c4f7d1ec2a5b41f
20320607,Swaad,Sector 4,Delhi NCR,6154147762,2024-09-06 11:39:00,Delivered,Zomato Delivery,1.0,1 x Animal Fries,50% off upto Rs.100,355.0,12.75,100.0,0.0,0.0,0.0,267.75,,None,,17.73,11.5,Correctly,None,81836124bc23518067df460ac476f26b1f0e3cda956fc9aee91f52c6f92a9114
20320607,Swaad,Sector 4,Delhi NCR,6150715172,2024-09-06 03:24:00,Delivered,Zomato Delivery,3.0,1 x AAC Signature Krispers,50% off upto Rs.100,199.0,4.98,99.5,0.0,0.0,0.0,104.48,,None,,10.95,0.8,Correctly,None,f9e9f7e806c4b5601873c0b9ff2eac2a45b4ab29d61572bd0c8eb8d3ec0487ce
20320607,Swaad,Sector 4,Delhi NCR,6150789630,2024-09-06 02:03:00,Delivered,Zomato Delivery,1.0,"1 x Bone in Smoky Bbq Grilled Chicken, 1 x Fried Chicken Peri Peri Tenders + Peri Peri Fries",Flat Rs.175 off,775.0,30.0,175.0,0.0,0.0,0.0,630.0,,None,,16.92,2.5,Correctly,None,096a9f7a0c5cf71b57729f2de20cf0080b608dffe8e9c77bf9fa4a3055568590
20320607,Swaad,Sector 4,Delhi NCR,6151158050,2024-09-06 01:54:00,Delivered,Zomato Delivery,7.0,"1 x Angara Aloo Tuk Tuki, 1 x AAC Signature Fries",50% off upto Rs.100,347.0,12.35,100.0,0.0,0.0,0.0,259.35,,None,,25.52,11.8,Correctly,None,6292149fd8cc18ad66b1804144ff15fa31e5f1ee90f87f0dee8dbaf97b345b94
20320607,Swaad,Sector 4,Delhi NCR,6155965734,2024-09-06 01:10:00,Delivered,Zomato Delivery,4.0,1 x Animal Fries,50% off upto Rs.100,355.0,12.75,100.0,0.0,0.0,0.0,267.75,,None,,13.3,1.0,Correctly,None,ebd60c19b0f492b7377b19d314ab1ecd690e365ce5744030851d2932feb4ade7
20320607,Swaad,Sector 4,Delhi NCR,6155526018,2024-09-06 00:48:00,Delivered,Zomato Delivery,7.0,1 x Grilled Chicken Jamaican Tender,50% off upto Rs.100,310.0,10.5,100.0,0.0,0.0,0.0,220.5,,None,,7.87,1.2,Correctly,None,9ae38c952fdef0c4c067098312f0be853006239e7f7a7304008d0b7ae47b0917
20320607,Swaad,Sector 4,Delhi NCR,6146261091,2024-09-05 23:50:00,Delivered,Zomato Delivery,4.0,"1 x Animal Fries, 1 x Grilled Chicken Smoky BBQ Tender",40% off upto Rs.80,665.0,29.25,80.0,0.0,0.0,0.0,614.25,,None,,15.67,3.9,Correctly,None,19cb886d7bd07a82573682a85d6042bc2fa0eeda217659f116b1930308a0ce38
20320607,Swaad,Sector 4,Delhi NCR,6155286499,2024-09-05 23:42:00,Delivered,Zomato Delivery,8.0,"1 x Bone in Smoky Bbq Grilled Chicken, 1 x Bone in Jamaican Grilled Chicken",50% off upto Rs.100,620.0,26.0,100.0,0.0,0.0,0.0,546.0,,None,,18.48,4.5,Correctly,None,dbb7b0b85ee66218f881e953ecd62bbdc356188fed58a43e27ba37d0c06dc552
20320607,Swaad,Sector 4,Delhi NCR,6155319009,2024-09-05 22:57:00,Delivered,Zomato Delivery,3.0,1 x Bone in Jamaican Grilled Chicken,Flat Rs.175 off,755.0,29.0,175.0,0.0,0.0,0.0,609.0,,None,,11.93,0.9,Correctly,None,0a299b2d813b99f45018a6af6c423279b5a0cba30d8c7f3a3f0a69fdfae3c865
20320607,Swaad,Sector 4,Delhi NCR,6155343744,2024-09-05 20:56:00,Delivered,Zomato Delivery,1.0,1 x Grilled Chicken Smoky BBQ Tender,Flat Rs.80 off,435.0,17.75,80.0,0.0,0.0,0.0,372.75,,None,,9.93,0.3,Correctly,None,c521ccf21e7bb2207c3f08d578b6e028d2c3b25986cb35dd5930ede1d8a643da
20320607,Swaad,Sector 4,Delhi NCR,6151641967,2024-09-05 19:48:00,Delivered,Zomato Delivery,2.0,1 x Fried Chicken Angara Tender,50% off upto Rs.100,325.0,11.25,100.0,0.0,0.0,0.0,236.25,,None,,13.63,1.4,Correctly,None,bcfa051a96036fe2f67b8b7d0f27b37d983dede68aab0aeb2541811d09b0c859
20320607,Swaad,Sector 4,Delhi NCR,6152673880,2024-09-05 19:20:00,Delivered,Zomato Delivery,6.0,1 x Fried Chicken Peri Peri Tender,,629.0,31.45,0.0,0.0,0.0,0.0,660.45,4.0,None,,19.0,0.5,Correctly,None,6bd9d2a22ced3c8d3466c08c0570a30c671b1f8a837c51f788966332398a6a45
20320607,Swaad,Sector 4,Delhi NCR,6145690912,2024-09-05 02:14:00,Delivered,Zomato Delivery,7.0,1 x Bone in Jamaican Grilled Chicken,50% off upto Rs.100,585.0,24.25,100.0,0.0,0.0,0.0,509.25,,None,,14.42,1.0,Correctly,None,f3fc5884a2568a19739f9ac18b494e1c504694463152534c3cf99614585fafdd
20320607,Swaad,Sector 4,Delhi NCR,6152587141,2024-09-05 02:04:00,Delivered,Zomato Delivery,10.0,"1 x Bone in Smoky Bbq Grilled Chicken, 1 x Bone in Jamaican Grilled Chicken",,1230.0,32.25,0.0,585.0,0.0,0.0,677.25,,None,,18.23,7.1,Correctly,None,fcf74c5042b5d8f18e224c0e35d026cdff1a07e7508262d1f70f5b57aa9451a1
20635699,Aura Pizzas,Greater Kailash 2 (GK2),Delhi NCR,6158347104,2024-09-06 21:25:00,Delivered,Zomato Delivery,3.0,"1 x Makhani Paneer Pizza, 1 x Just Pepperoni Pizza",Buy 1 Get 1 - ₹847.00,859.0,42.95,0.0,0.0,0.0,0.0,901.95,,None,,19.1,5.6,Correctly,None,f13ab9d619c094d2f1720c7d15708a0c3c3712f72cb93817d5b9cb8bb4b88e55
20635699,Aura Pizzas,Greater Kailash 2 (GK2),Delhi NCR,6156276794,2024-09-06 21:25:00,Delivered,Zomato Delivery,4.0,"1 x Murgh Amritsari Seekh Pide, 1 x Masala Paneer Pide",Buy 1 Get 1 - ₹319.00,349.0,17.45,0.0,0.0,0.0,0.0,366.45,,None,,14.38,0.2,Correctly,None,909a291399102784d04028fff9cf36688b5fb68a7fd48fc568b5c316eed1a2f2
20635699,Aura Pizzas,Greater Kailash 2 (GK2),Delhi NCR,6154977511,2024-09-06 21:14:00,Delivered,Zomato Delivery,2.0,"1 x Masala Paneer Pide, 1 x Murgh Amritsari Garlic Bread",Buy 1 Get 1 - ₹289.00,319.0,15.95,0.0,0.0,0.0,0.0,334.95,,None,,16.15,4.4,Incorrectly,None,f0e482cc8a772a36ec39b39edc7acd8d20913b24c85c2e1d145b8c1fbd7ff1da
20635699,Aura Pizzas,Greater Kailash 2 (GK2),Delhi NCR,6156274386,2024-09-06 21:00:00,Delivered,Zomato Delivery,6.0,1 x Tripple Cheese Pizza,Flat Rs.150 off,549.0,21.85,112.0,0.0,0.0,0.0,458.85,,None,,32.05,21.0,Correctly,None,eb31b6212fc5279a63b65d64df62aabce0e167aae422e743422be5c4795caf7c
20635699,Aura Pizzas,Greater Kailash 2 (GK2),Delhi NCR,6157573065,2024-09-06 21:00:00,Delivered,Zomato Delivery,6.0,"1 x Peri Peri Fries, 1 x All About Chicken Pizza, 1 x Mushroom Pizza, 1 x Indian Masala Fries, 1 x Jamaican Chicken Melt, 1 x Angara Paneer Melt, 1 x Bageecha Pizza, 1 x Just Pepperoni Pizza",Buy 1 Get 1 - ₹2296.00,2326.0,116.3,0.0,0.0,0.0,0.0,2442.3,,None,,26.2,0.6,Correctly,None,b5789293cb1ebcf0e70dfc82d49f80fcd8937b46b061f0775261ef007d0fa743
20635699,Aura Pizzas,Greater Kailash 2 (GK2),Delhi NCR,6158263215,2024-09-06 20:28:00,Delivered,Zomato Delivery,1.0,"1 x Angara Paneer Melt, 1 x Mushroom Mozzarella Melt",Buy 1 Get 1 - ₹449.00,449.0,22.45,0.0,0.0,0.0,0.0,471.45,5.0,None,,15.15,0.5,Correctly,None,cc2dfedd6e751457835ed66b227a0d71c0265fe5f0f722a37bea6c0b0bd452d6
20635699,Aura Pizzas,Greater Kailash 2 (GK2),Delhi NCR,6153151331,2024-09-06 20:18:00,Delivered,Zomato Delivery,4.0,"1 x Bageecha Pizza, 1 x All About Chicken Pizza",Buy 1 Get 1 - ₹599.00,659.0,32.95,0.0,0.0,0.0,0.0,691.95,5.0,None,,16.57,0.4,Correctly,None,7088d1ce2ac0a69e8a8b62c9a42e72288b98736582adc3f5cf3e30c735bb7c97
20635699,Aura Pizzas,Greater Kailash 2 (GK2),Delhi NCR,6151609896,2024-09-06 20:10:00,Delivered,Zomato Delivery,6.0,"1 x Masala Paneer Pide, 1 x Bageecha Pizza",Buy 1 Get 1 - ₹379.00,599.0,29.95,0.0,0.0,0.0,0.0,628.95,,None,,19.12,0.7,Correctly,None,4400703a07f6708d6f2767d716fc7e8237b55ad18ebadf2c0ee54c36d2df7933
20635699,Aura Pizzas,Greater Kailash 2 (GK2),Delhi NCR,6154108616,2024-09-06 20:09:00,Delivered,Zomato Delivery,2.0,"1 x Fried Chicken Strips, 1 x Cheesy Garlic Bread, 2 x Angara Paneer Melt",Buy 1 Get 1 - ₹688.00,698.0,34.9,0.0,0.0,0.0,0.0,732.9,5.0,None,,16.05,0.4,Correctly,None,87914cdf29e9abadd81682bc1f10c5060e5ef20a11a3afa9ecf8b6f48d4fe98c
20635699,Aura Pizzas,Greater Kailash 2 (GK2),Delhi NCR,6157255737,2024-09-06 20:08:00,Delivered,Zomato Delivery,3.0,"1 x Tripple Cheese Pizza, 1 x Indian Masala Fries",Buy 1 Get 1 - ₹189.00,609.0,30.45,0.0,0.0,0.0,0.0,639.45,,None,,14.03,0.3,Correctly,None,d6f7b89f2bcf3ae45fa6f24dc0e7a727cce14010eb16b0ca1bb9642037d19f47
20635699,Aura Pizzas,Greater Kailash 2 (GK2),Delhi NCR,6152693487,2024-09-06 20:01:00,Delivered,Zomato Delivery,4.0,1 x Margherita Pizza,60% off upto Rs.120,459.0,18.0,99.0,0.0,0.0,0.0,378.0,,None,,21.88,5.3,Correctly,None,dd499e98409a35b9b032671387c4cf2af4cc46b9ffbdc976088a8949b863a48d
20635699,Aura Pizzas,Greater Kailash 2 (GK2),Delhi NCR,6157986102,2024-09-06 19:57:00,Delivered,Zomato Delivery,4.0,2 x Tripple Cheese Pizza,Buy 1 Get 1 - ₹549.00,549.0,27.45,0.0,0.0,0.0,0.0,576.45,,None,,19.7,0.6,Correctly,Poor taste or quality,d1016337079e97654ec35e014371d9469a80838537bba937c02e278c54cecf4c
20635699,Aura Pizzas,Greater Kailash 2 (GK2),Delhi NCR,6147148463,2024-09-06 19:56:00,Delivered,Zomato Delivery,5.0,"1 x Peri Peri Grilled Chicken Pizza, 1 x Pepperoni Garlic Bread",Buy 1 Get 1 - ₹339.00,619.0,30.95,0.0,0.0,0.0,0.0,649.95,,None,,15.73,0.4,Correctly,None,a98267a9ad4c4e529f5d92e2d9bf78423b4836d2897cbf0ca992f2a795b2714a
20635699,Aura Pizzas,Greater Kailash 2 (GK2),Delhi NCR,6157301650,2024-09-06 19:49:00,Delivered,Zomato Delivery,3.0,"1 x Just Pepperoni Pizza, 2 x Indian Masala Fries, 1 x All About Chicken Pizza",Buy 1 Get 1 - ₹838.00,848.0,42.4,0.0,0.0,0.0,0.0,890.4,,None,,22.0,0.3,Correctly,None,223b285d3bfa0e515e1b5c6b70a372934b22f3de43730c25cc0d9a1692daa647
20635699,Aura Pizzas,Greater Kailash 2 (GK2),Delhi NCR,6158171360,2024-09-06 19:49:00,Delivered,Zomato Delivery,4.0,"1 x Spinach Sumac Pide, 1 x Masala Paneer Pide",Buy 1 Get 1 - ₹319.00,329.0,16.45,0.0,0.0,0.0,0.0,345.45,,None,,20.88,0.2,Correctly,None,fe9fe009e5beefa0da3d6c465787407867ebd92823bb3502a9cbc8161488fc94
20635699,Aura Pizzas,Greater Kailash 2 (GK2),Delhi NCR,6157576999,2024-09-06 19:46:00,Delivered,Zomato Delivery,6.0,"1 x All About Chicken Pizza, 1 x Angara Paneer Melt",Buy 1 Get 1 - ₹449.00,659.0,32.95,0.0,0.0,0.0,0.0,691.95,,None,,19.77,0.3,Correctly,None,435cd8ab7e1f1246ba82193d877bd9637ad1979fe7d384e81f251cf4bdbc6f2c
20635699,Aura Pizzas,Greater Kailash 2 (GK2),Delhi NCR,6157434817,2024-09-06 19:46:00,Delivered,Zomato Delivery,5.0,"1 x Just Pepperoni Pizza, 1 x Murgh Amritsari Seekh Pide",Buy 1 Get 1 - ₹349.00,859.0,42.95,0.0,0.0,0.0,0.0,901.95,,None,,14.53,1.1,Correctly,None,2038744bf92f80a6929f02f6b2b993416bab2850a985fd82f17efbc10c62dcd5
20635699,Aura Pizzas,Greater Kailash 2 (GK2),Delhi NCR,6156137876,2024-09-06 19:46:00,Delivered,Zomato Delivery,4.0,2 x Margherita Pizza,Buy 1 Get 1 - ₹459.00,459.0,22.95,0.0,0.0,0.0,0.0,481.95,,None,,9.77,0.8,Correctly,None,972fd96f9f01dd00305ff4c3e140b6a36b2497fab73167e64f4cd5643d3567cc
20635699,Aura Pizzas,Greater Kailash 2 (GK2),Delhi NCR,6157707671,2024-09-06 19:40:00,Delivered,Zomato Delivery,4.0,2 x Chilli Cheese Garlic Bread,Buy 1 Get 1 - ₹259.00,259.0,12.95,0.0,0.0,0.0,0.0,271.95,,None,,13.0,0.3,Correctly,None,bffe32d27bf1067cf97151344e15a700db4ed68c216df3551cb5917485b2e452
20635699,Aura Pizzas,Greater Kailash 2 (GK2),Delhi NCR,6156954288,2024-09-06 19:32:00,Delivered,Zomato Delivery,4.0,"1 x Tripple Cheese Pizza, 1 x Makhani Paneer Pizza, 1 x Murgh Amritsari Seekh Pide, 1 x Chicken Pepperoni Pizza",Buy 1 Get 1 - ₹1098.00,1558.0,77.9,0.0,0.0,0.0,0.0,1635.9,,None,,20.58,2.9,Correctly,None,d4cfb68c503e3019995f8300e6dfb6637d578645a14d174d8634d2c19fbe276f
20635699,Aura Pizzas,Greater Kailash 2 (GK2),Delhi NCR,6150580042,2024-09-06 19:15:00,Delivered,Zomato Delivery,3.0,"1 x Cheesy Garlic Bread, 1 x Margherita Pizza, 1 x Herbed Potato",Buy 1 Get 1 - ₹239.00,607.0,30.35,0.0,0.0,0.0,0.0,637.35,,None,,19.03,3.9,Correctly,None,b64eade2d814bda0a3b16234e44400a4a9c0c44e5d6738a42e9e3c62b3d25723
20635699,Aura Pizzas,Greater Kailash 2 (GK2),Delhi NCR,6155784838,2024-09-06 19:14:00,Delivered,Zomato Delivery,4.0,2 x Murgh Amritsari Seekh Pide,Buy 1 Get 1 - ₹349.00,349.0,17.45,0.0,0.0,0.0,0.0,366.45,,None,,16.0,2.1,Correctly,None,f48d1c65fd5595def813fc8b8e6b566490bd4b936783bc86831e1dbf7a131b42
20635699,Aura Pizzas,Greater Kailash 2 (GK2),Delhi NCR,6157237443,2024-09-06 19:11:00,Delivered,Zomato Delivery,5.0,"1 x Bellpepper Onion Pizza, 1 x Peri Peri Grilled Chicken Pizza, 2 x Grilled Tangdis",Buy 1 Get 1 - ₹848.00,888.0,44.4,0.0,0.0,0.0,0.0,932.4,,None,,13.47,1.1,Correctly,None,95756f60e5740c12d14b2aaf0e83d149c2f8236886083cdcc1ed7afd54a32234
20635699,Aura Pizzas,Greater Kailash 2 (GK2),Delhi NCR,6147797943,2024-09-06 19:07:00,Delivered,Zomato Delivery,1.0,"1 x Murgh Amritsari Seekh Pide, 1 x Just Pepperoni Pide",Buy 1 Get 1 - ₹349.00,399.0,19.95,0.0,0.0,0.0,0.0,418.95,,None,,11.07,1.6,Correctly,None,4287ad9cbdff626d184a012148fcf840d02a9826fb3e984d41d0b984ba73108a
20635699,Aura Pizzas,Greater Kailash 2 (GK2),Delhi NCR,6136609412,2024-09-06 18:50:00,Delivered,Zomato Delivery,2.0,"1 x Bageecha Pizza, 1 x Murgh Amritsari Seekh Pizza",Buy 1 Get 1 - ₹599.00,629.0,31.45,0.0,0.0,0.0,0.0,660.45,,None,,19.2,6.8,Correctly,None,afde3d1742e87ac9200ada9d58d77ae8c23a6cce158440d7ab124f7aa445e07d
20635699,Aura Pizzas,Greater Kailash 2 (GK2),Delhi NCR,6157469335,2024-09-06 18:47:00,Delivered,Zomato Delivery,6.0,"1 x Peri Peri Paneer Pizza, 1 x Makhani Paneer Pizza",Buy 1 Get 1 - ₹658.00,658.0,32.9,0.0,0.0,0.0,0.0,690.9,4.0,None,,17.27,2.0,Correctly,None,15143e31a214f700605eb46468a50f59d5f9bd638c5d31efb351b0129619cb21
20635699,Aura Pizzas,Greater Kailash 2 (GK2),Delhi NCR,6157098262,2024-09-06 18:43:00,Delivered,Zomato Delivery,4.0,"1 x Cheesy Garlic Bread, 3 x Grilled Tangdis",Buy 1 Get 1 - ₹508.00,538.0,26.9,0.0,0.0,0.0,0.0,564.9,,None,,16.62,0.5,Correctly,None,d8ef42c657181ebe1048716fa48a16d01c226175f7b5f56c178be43a428a92ac
20635699,Aura Pizzas,Greater Kailash 2 (GK2),Delhi NCR,6157713313,2024-09-06 18:38:00,Delivered,Zomato Delivery,6.0,"1 x Grilled Tangdis, 1 x Murgh Amritsari Garlic Bread",Buy 1 Get 1 - ₹269.00,289.0,14.45,0.0,0.0,0.0,0.0,303.45,,None,,12.25,0.3,Correctly,None,67ab79f26cc9ce6d7eb97bcbc08ef5c8d65faf212027964b9f09c5851d0d4233
20635699,Aura Pizzas,Greater Kailash 2 (GK2),Delhi NCR,6157608862,2024-09-06 18:38:00,Delivered,Zomato Delivery,0.5,1 x Peri Peri Fries,60% off upto Rs.120,189.0,4.74,94.12,0.0,0.0,0.0,99.62,,None,,11.93,5.0,Correctly,None,1cf1ea5851d0eb58b63605e0648adc65c466e086430cf901fbdc21291b758dfb
20635699,Aura Pizzas,Greater Kailash 2 (GK2),Delhi NCR,6146068850,2024-09-06 18:27:00,Delivered,Zomato Delivery,7.0,"1 x Peri Peri Paneer Pizza, 1 x Bageecha Pizza",Buy 1 Get 1 - ₹579.00,599.0,29.95,0.0,0.0,0.0,0.0,628.95,,None,,15.97,0.7,Correctly,None,be9b7c712d60386f43f9f0afd117ec540fe321c277bdaf66b89228fd42d799de
20635699,Aura Pizzas,Greater Kailash 2 (GK2),Delhi NCR,6155683019,2024-09-06 18:08:00,Delivered,Zomato Delivery,6.0,"1 x Fried Chicken Strips, 1 x All About Chicken Pizza, 1 x Herbed Potato, 1 x Mushroom Pizza",Buy 1 Get 1 - ₹757.00,848.0,42.4,0.0,0.0,0.0,0.0,890.4,4.0,None,,18.3,2.3,Correctly,None,8ddedb44eb97d83e4d41d89b3d7520c45c6cf32e6e5b0bbe3b9746149f13487a
20635699,Aura Pizzas,Greater Kailash 2 (GK2),Delhi NCR,6147297401,2024-09-06 17:59:00,Delivered,Zomato Delivery,3.0,"1 x Spinach Sumac Pide, 1 x Masala Paneer Pide",Buy 1 Get 1 - ₹319.00,329.0,16.45,0.0,0.0,0.0,0.0,345.45,,None,,16.4,7.6,Correctly,Non-refunded complaint,f64189b1f546633e057feef798609d46c802518d7ee9a7937c55ccab5b5be268
20635699,Aura Pizzas,Greater Kailash 2 (GK2),Delhi NCR,6152957107,2024-09-06 16:07:00,Delivered,Zomato Delivery,2.0,2 x Grilled Tangdis,Buy 1 Get 1 - ₹269.00,269.0,13.45,0.0,0.0,0.0,0.0,282.45,,None,,23.98,5.8,Correctly,None,055fb8b9e577e19536e5416c584223dfeba49776db5dc31e798aa40c45d91498
20635699,Aura Pizzas,Greater Kailash 2 (GK2),Delhi NCR,6153423907,2024-09-06 16:02:00,Delivered,Zomato Delivery,5.0,"1 x Bageecha Pizza, 1 x Salted Fries, 1 x Peri Peri Fries, 1 x All About Chicken Pizza",Buy 1 Get 1 - ₹828.00,867.0,43.35,0.0,0.0,0.0,0.0,910.35,,None,,22.73,9.0,Correctly,None,0d372c57645c12ce7c1b3bed9c2821080fb635e7c20059ecec883ed8bcbd421e
20635699,Aura Pizzas,Greater Kailash 2 (GK2),Delhi NCR,6154851519,2024-09-06 15:42:00,Delivered,Zomato Delivery,3.0,"2 x Jamaican Chicken Melt, 2 x Murgh Amritsari Seekh Melt",Buy 1 Get 1 - ₹958.00,958.0,47.9,0.0,0.0,0.0,0.0,1005.9,,None,,24.3,1.2,Correctly,None,ebc9c452d6266a60bb54366e3eb60196d25065fd7febd4b30681618ea8da90dd
20635699,Aura Pizzas,Greater Kailash 2 (GK2),Delhi NCR,6155029420,2024-09-06 15:14:00,Delivered,Zomato Delivery,3.0,"1 x Jamaican Chicken Melt, 1 x Margherita Pizza",Buy 1 Get 1 - ₹459.00,479.0,23.95,0.0,0.0,0.0,0.0,502.95,,None,,19.88,6.5,Correctly,None,f04fba1f4115a10ec6084e0d74e350a3c584884ee00b9fa5887ef446c7709e97
20635699,Aura Pizzas,Greater Kailash 2 (GK2),Delhi NCR,6156991185,2024-09-06 14:59:00,Delivered,Zomato Delivery,2.0,"1 x Peri Peri Paneer Pizza, 1 x Tripple Cheese Pizza",Buy 1 Get 1 - ₹549.00,579.0,28.95,0.0,0.0,0.0,0.0,607.95,5.0,None,,19.22,11.2,Correctly,None,56eed39104a037d18a372dbe02450c7f4e9e61ea6e8d0df6af5bc9e0be3bee15
20635699,Aura Pizzas,Greater Kailash 2 (GK2),Delhi NCR,6145759483,2024-09-06 14:19:00,Delivered,Zomato Delivery,5.0,"1 x Murgh Amritsari Seekh Pizza, 1 x Bageecha Pizza",Buy 1 Get 1 - ₹599.00,629.0,31.45,0.0,0.0,0.0,0.0,660.45,,None,,23.03,0.5,Correctly,None,7a06c5bf0eb5ac7e9228645d4c4d524f9dc561191720290e51d0a093eb88ba6a
20635699,Aura Pizzas,Greater Kailash 2 (GK2),Delhi NCR,6154316507,2024-09-06 14:04:00,Delivered,Zomato Delivery,3.0,"1 x Murgh Amritsari Garlic Bread, 1 x Mushroom Mozzarella Melt, 1 x Murgh Amritsari Seekh Melt, 1 x Chilli Cheese Garlic Bread",Buy 1 Get 1 - ₹708.00,768.0,38.4,0.0,0.0,0.0,0.0,806.4,,None,,28.27,4.9,Correctly,None,74f2e080f6b0779df14917017442a4112806b13528e1c38dea9d0815986de66e
20635699,Aura Pizzas,Greater Kailash 2 (GK2),Delhi NCR,6156480559,2024-09-06 13:47:00,Delivered,Zomato Delivery,2.0,"1 x Murgh Amritsari Garlic Bread, 1 x Spinach Sumac Pide",Buy 1 Get 1 - ₹289.00,329.0,16.45,0.0,0.0,0.0,0.0,345.45,,None,,15.9,0.7,Correctly,None,ade4996d07da854bb666884296fe070f2157418ba2b03b16fac49b90fb3313c6
20635699,Aura Pizzas,Greater Kailash 2 (GK2),Delhi NCR,6152715511,2024-09-06 13:30:00,Delivered,Zomato Delivery,4.0,2 x Peri Peri Paneer Pizza,Buy 1 Get 1 - ₹579.00,579.0,28.95,0.0,0.0,0.0,0.0,607.95,,None,,18.63,2.9,Correctly,None,78275f9d69f1e30c530b8289a915baff6f3e48dc366b4cf87f4b421ab1c7fbfa
20635699,Aura Pizzas,Greater Kailash 2 (GK2),Delhi NCR,6155888113,2024-09-06 12:44:00,Delivered,Zomato Delivery,3.0,"1 x Mushroom Mozzarella Melt, 1 x Spinach Sumac Pide",Buy 1 Get 1 - ₹449.00,449.0,22.45,0.0,0.0,0.0,0.0,471.45,,None,,17.07,3.6,Correctly,None,40c95038a0d4af91506202ca68741a92e8bfb7acb0f634803511a80c97055f4b
20635699,Aura Pizzas,Greater Kailash 2 (GK2),Delhi NCR,6155245038,2024-09-06 12:19:00,Delivered,Zomato Delivery,6.0,2 x Mutton Seekh Pide,Buy 1 Get 1 - ₹399.00,399.0,19.95,0.0,0.0,0.0,0.0,418.95,,None,,22.7,2.6,Correctly,None,3907fe6cd9fb48458dbc9fe7e5d21a9029a6732baba8c62d2147186e7e3f0b29
20635699,Aura Pizzas,Greater Kailash 2 (GK2),Delhi NCR,6153715258,2024-09-06 12:18:00,Delivered,Zomato Delivery,4.0,"1 x Cheesy Garlic Bread, 1 x Mushroom Pizza, 1 x Bageecha Pizza, 1 x Chilli Cheese Garlic Bread",Buy 1 Get 1 - ₹1038.00,1058.0,52.9,0.0,0.0,0.0,0.0,1110.9,,None,,23.48,1.3,Correctly,None,7c125b06f253ab440c46d4678d905851c0fd02b73cfeb7764da27ab1515de230
20635699,Aura Pizzas,Greater Kailash 2 (GK2),Delhi NCR,6154169545,2024-09-06 11:50:00,Delivered,Zomato Delivery,5.0,"1 x Murgh Amritsari Seekh Pizza, 1 x Just Pepperoni Pizza",Buy 1 Get 1 - ₹629.00,649.0,32.45,0.0,0.0,0.0,0.0,681.45,,None,,23.27,12.3,Correctly,None,a06b9e1de62cf877190469cd8703f077815ec866d38cf9ae19fdbc1e875e83e3
20635699,Aura Pizzas,Greater Kailash 2 (GK2),Delhi NCR,6156498310,2024-09-06 11:44:00,Delivered,Zomato Delivery,3.0,"1 x Bageecha Pizza, 1 x All About Chicken Pizza",Buy 1 Get 1 - ₹599.00,859.0,42.95,0.0,0.0,0.0,0.0,901.95,,None,,29.38,11.1,Correctly,None,6fb11a932219d43bb4bb416b4f53a088ed05de4445985bb0ba2b89c53b554eff
20635699,Aura Pizzas,Greater Kailash 2 (GK2),Delhi NCR,6154697130,2024-09-06 02:47:00,Delivered,Zomato Delivery,3.0,1 x Murgh Amritsari Seekh Pizza,Flat Rs.150 off,809.0,34.85,112.0,0.0,0.0,0.0,731.85,,None,,15.12,2.5,Correctly,None,85b50382298582325a0217131d56d5449e3ae3966a11c4e7249fe237ce29efef
20635699,Aura Pizzas,Greater Kailash 2 (GK2),Delhi NCR,6152294825,2024-09-06 00:12:00,Delivered,Zomato Delivery,3.0,1 x Just Pepperoni Pizza,Flat Rs.150 off,649.0,26.85,112.0,0.0,0.0,0.0,563.85,,None,,29.15,6.4,Correctly,None,e4de67c4ea39e84aa75615c6297f61997e6f158ca6923c475583e7e9dd7a30eb
20635699,Aura Pizzas,Greater Kailash 2 (GK2),Delhi NCR,6148126536,2024-09-05 23:19:00,Delivered,Zomato Delivery,5.0,"1 x Chilli Cheese Garlic Bread, 1 x Bageecha Pizza",Flat Rs.200 off,1058.0,42.9,200.0,0.0,0.0,0.0,900.9,,None,,17.28,0.5,Correctly,None,8cb70adb32f08355158dba35d6f179f692f4d2acdd2b7cb9245cb1647cf5f8c4
20635699,Aura Pizzas,Greater Kailash 2 (GK2),Delhi NCR,6134676060,2024-09-05 23:12:00,Delivered,Zomato Delivery,1.0,1 x Margherita Pizza,60% off upto Rs.120,459.0,18.0,99.0,0.0,0.0,0.0,378.0,,None,,11.1,0.2,Correctly,None,9691667ba079b6232ab0fccf00424f9a32aef1ef5e9f505a4a4ce563e1f9d36c
20635699,Aura Pizzas,Greater Kailash 2 (GK2),Delhi NCR,6150491884,2024-09-05 23:08:00,Delivered,Zomato Delivery,3.0,1 x Makhani Paneer Pizza,Flat Rs.150 off,658.0,27.3,112.0,0.0,0.0,0.0,573.3,,None,,12.98,0.6,Correctly,None,9cbb89b0516ff87d02548afbd1acc4acf142d4d81bbbd437244e644f2aa5af2a